Order_ID,Customer_ID,Customer_Age,Gender,City,Product_Category,Product_Name,Quantity,Unit_Price,Total_Amount,Payment_Method,Rating,Order_Date
10001,3061,21,Male,Delhi,Home Appliances,Smartphone,2,3100.57,6201.14,Cash,3,2024-01-01 00:00:00.000000000
10002,2235,21,Female,Chennai,Beauty,Smartphone,1,983.85,983.85,Debit Card,1,2024-01-01 16:52:43.005780346
10003,3096,21,Male,Delhi,Books,Cookware,2,1385.43,2770.86,UPI,4,2024-01-02 09:45:26.011560693
10004,2905,51,Male,Delhi,Home Appliances,Novel,3,1645.97,4937.91,Cash,5,2024-01-03 02:38:09.017341040
10005,4763,53,Male,Kolkata,Clothing,Cricket Bat,5,4204.53,21022.65,Debit Card,3,2024-01-03 19:30:52.023121387
10006,4895,34,Male,Kolkata,Books,Smartphone,2,1021.08,2042.16,Net Banking,5,2024-01-04 12:23:35.028901734
10007,2960,46,Male,Hyderabad,Clothing,Smartphone,3,2895.05,8685.15,Cash,4,2024-01-05 05:16:18.034682080
10008,2144,55,Female,Kolkata,Electronics,Cricket Bat,4,2970.26,11881.04,Credit Card,5,2024-01-05 22:09:01.040462427
10009,2129,18,Male,Delhi,Clothing,Headphones,5,1914.07,9570.35,Net Banking,5,2024-01-06 15:01:44.046242774
10010,4797,55,Female,Mumbai,Books,Laptop,2,1947.9,3895.8,Cash,2,2024-01-07 07:54:27.052023121
10011,4556,47,Male,Hyderabad,Clothing,Headphones,2,4807.83,9615.66,Debit Card,1,2024-01-08 00:47:10.057803468
10012,3202,36,Male,Hyderabad,Beauty,Headphones,2,2900.72,5801.44,Cash,3,2024-01-08 17:39:53.063583815
10013,3300,32,Male,Hyderabad,Books,Cricket Bat,2,3367.84,6735.68,Credit Card,1,2024-01-09 10:32:36.069364161
10014,3278,57,Female,Kolkata,Beauty,Cookware,4,2606.48,10425.92,Debit Card,4,2024-01-10 03:25:19.075144508
10015,2357,24,Female,Kolkata,Sports,Novel,2,3339.25,6678.5,Net Banking,4,2024-01-10 20:18:02.080924855
10016,4962,46,Male,Hyderabad,Home Appliances,Smartphone,1,3144.68,3144.68,Debit Card,4,2024-01-11 13:10:45.086705202
10017,4516,28,Female,Pune,Clothing,Cricket Bat,3,982.31,2946.93,UPI,4,2024-01-12 06:03:28.092485549
10018,4955,50,Female,Bangalore,Sports,Skincare Kit,5,1873.0,9365.0,Credit Card,1,2024-01-12 22:56:11.098265896
10019,2252,47,Male,Mumbai,Beauty,Headphones,5,2464.04,12320.2,Cash,5,2024-01-13 15:48:54.104046242
10020,2668,36,Male,Bangalore,Home Appliances,Headphones,1,900.76,900.76,UPI,4,2024-01-14 08:41:37.109826589
10021,4446,54,Female,Chennai,Electronics,T-Shirt,3,2006.44,6019.32,Net Banking,1,2024-01-15 01:34:20.115606936
10022,2562,47,Male,Kolkata,Beauty,Microwave,2,1372.27,2744.54,UPI,3,2024-01-15 18:27:03.121387283
10023,4628,57,Male,Bangalore,Electronics,Headphones,3,4283.26,12849.78,Debit Card,2,2024-01-16 11:19:46.127167630
10024,2753,46,Male,Pune,Home Appliances,Headphones,1,1904.93,1904.93,Credit Card,3,2024-01-17 04:12:29.132947976
10025,3527,47,Male,Hyderabad,Beauty,T-Shirt,3,1365.91,4097.73,Net Banking,5,2024-01-17 21:05:12.138728323
10026,3888,57,Male,Kolkata,Electronics,Cricket Bat,1,2218.45,2218.45,UPI,3,2024-01-18 13:57:55.144508670
10027,3110,44,Female,Pune,Sports,Novel,2,3510.4,7020.8,Debit Card,3,2024-01-19 06:50:38.150289017
10028,4189,45,Male,Mumbai,Books,Running Shoes,1,608.42,608.42,Credit Card,5,2024-01-19 23:43:21.156069364
10029,4025,30,Female,Bangalore,Clothing,Smartphone,4,1149.43,4597.72,UPI,3,2024-01-20 16:36:04.161849711
10030,3031,35,Male,Bangalore,Electronics,Microwave,2,3563.24,7126.48,Net Banking,1,2024-01-21 09:28:47.167630057
10031,2319,25,Female,Mumbai,Home Appliances,Skincare Kit,3,3835.61,11506.83,Cash,1,2024-01-22 02:21:30.173410404
10032,4877,45,Male,Bangalore,Electronics,Smartphone,1,3203.45,3203.45,Credit Card,3,2024-01-22 19:14:13.179190751
10033,3337,25,Male,Pune,Clothing,Novel,4,4432.23,17728.92,Net Banking,1,2024-01-23 12:06:56.184971098
10034,4561,37,Male,Mumbai,Electronics,Smartphone,4,1093.36,4373.44,Cash,3,2024-01-24 04:59:39.190751445
10035,3920,50,Male,Chennai,Electronics,Skincare Kit,5,3606.67,18033.35,Credit Card,1,2024-01-24 21:52:22.196531792
10036,2316,30,Male,Kolkata,Books,Skincare Kit,1,4611.12,4611.12,Cash,2,2024-01-25 14:45:05.202312138
10037,4257,56,Male,Bangalore,Clothing,Laptop,5,1008.48,5042.4,UPI,1,2024-01-26 07:37:48.208092485
10038,3288,50,Male,Mumbai,Sports,Cookware,2,1445.69,2891.38,Net Banking,5,2024-01-27 00:30:31.213872832
10039,2728,48,Female,Pune,Beauty,Novel,2,2869.42,5738.84,Net Banking,2,2024-01-27 17:23:14.219653179
10040,4675,40,Female,Kolkata,Home Appliances,Laptop,4,1917.36,7669.44,Cash,5,2024-01-28 10:15:57.225433526
10041,2431,23,Female,Hyderabad,Sports,Cricket Bat,3,3546.0,10638.0,Credit Card,4,2024-01-29 03:08:40.231213873
10042,2633,45,Male,Mumbai,Home Appliances,Cricket Bat,1,570.57,570.57,Cash,4,2024-01-29 20:01:23.236994219
10043,4504,49,Male,Mumbai,Home Appliances,Microwave,1,1055.59,1055.59,Debit Card,5,2024-01-30 12:54:06.242774566
10044,2542,59,Male,Hyderabad,Sports,Cookware,2,3666.32,7332.64,Cash,5,2024-01-31 05:46:49.248554913
10045,3095,40,Female,Bangalore,Electronics,Laptop,2,4861.91,9723.82,Net Banking,5,2024-01-31 22:39:32.254335260
10046,3411,30,Male,Hyderabad,Beauty,T-Shirt,1,4668.89,4668.89,Net Banking,2,2024-02-01 15:32:15.260115607
10047,3478,40,Male,Kolkata,Clothing,Cookware,3,4535.01,13605.03,Cash,4,2024-02-02 08:24:58.265895953
10048,3337,56,Female,Bangalore,Clothing,Running Shoes,3,900.39,2701.17,Net Banking,5,2024-02-03 01:17:41.271676300
10049,2515,36,Female,Pune,Sports,Skincare Kit,3,985.87,2957.61,UPI,5,2024-02-03 18:10:24.277456647
10050,4840,47,Female,Delhi,Home Appliances,T-Shirt,1,639.64,639.64,Debit Card,1,2024-02-04 11:03:07.283236994
10051,2497,47,Male,Mumbai,Electronics,Microwave,4,2849.94,11399.76,Net Banking,4,2024-02-05 03:55:50.289017341
10052,3612,36,Male,Delhi,Clothing,Microwave,3,4447.69,13343.07,Debit Card,3,2024-02-05 20:48:33.294797688
10053,3844,49,Female,Delhi,Home Appliances,Running Shoes,3,2799.42,8398.26,Debit Card,3,2024-02-06 13:41:16.300578034
10054,3360,52,Male,Chennai,Clothing,Headphones,4,3974.06,15896.24,Credit Card,5,2024-02-07 06:33:59.306358381
10055,4669,37,Female,Hyderabad,Clothing,Novel,3,1185.73,3557.19,Net Banking,3,2024-02-07 23:26:42.312138728
10056,2883,47,Male,Hyderabad,Electronics,Smartphone,3,4356.62,13069.86,Credit Card,2,2024-02-08 16:19:25.317919075
10057,3321,40,Female,Kolkata,Books,Cricket Bat,2,1180.9,2361.8,Debit Card,4,2024-02-09 09:12:08.323699422
10058,2015,33,Female,Kolkata,Beauty,Microwave,4,557.39,2229.56,Cash,5,2024-02-10 02:04:51.329479769
10059,4244,25,Female,Hyderabad,Books,Microwave,5,2281.01,11405.05,Debit Card,2,2024-02-10 18:57:34.335260115
10060,2025,46,Male,Kolkata,Beauty,Novel,5,2908.99,14544.95,Credit Card,3,2024-02-11 11:50:17.341040462
10061,3495,37,Female,Kolkata,Electronics,Cricket Bat,3,4862.49,14587.47,UPI,5,2024-02-12 04:43:00.346820809
10062,3927,45,Female,Mumbai,Books,Cricket Bat,5,731.24,3656.2,Credit Card,3,2024-02-12 21:35:43.352601156
10063,3306,37,Male,Hyderabad,Electronics,Novel,3,1587.42,4762.26,Net Banking,4,2024-02-13 14:28:26.358381503
10064,3640,33,Female,Chennai,Beauty,T-Shirt,5,794.0,3970.0,Cash,1,2024-02-14 07:21:09.364161849
10065,3046,24,Female,Kolkata,Sports,Skincare Kit,1,2135.07,2135.07,Cash,4,2024-02-15 00:13:52.369942196
10066,3801,42,Female,Pune,Beauty,Laptop,3,1658.35,4975.05,Cash,1,2024-02-15 17:06:35.375722543
10067,3150,40,Male,Mumbai,Clothing,Skincare Kit,5,2712.51,13562.55,Credit Card,5,2024-02-16 09:59:18.381502890
10068,3303,29,Male,Chennai,Electronics,Running Shoes,1,1936.81,1936.81,Net Banking,5,2024-02-17 02:52:01.387283237
10069,2155,55,Female,Kolkata,Books,Cricket Bat,3,4662.67,13988.01,UPI,4,2024-02-17 19:44:44.393063584
10070,4981,19,Male,Chennai,Electronics,T-Shirt,4,4012.75,16051.0,Cash,3,2024-02-18 12:37:27.398843930
10071,2313,47,Female,Mumbai,Beauty,Cricket Bat,4,4346.75,17387.0,Credit Card,5,2024-02-19 05:30:10.404624277
10072,4643,33,Male,Bangalore,Clothing,Headphones,4,908.65,3634.6,Cash,5,2024-02-19 22:22:53.410404624
10073,2648,52,Male,Pune,Books,Cricket Bat,3,3002.83,9008.49,Cash,4,2024-02-20 15:15:36.416184971
10074,3312,40,Male,Bangalore,Books,Cricket Bat,2,1309.48,2618.96,Net Banking,3,2024-02-21 08:08:19.421965318
10075,3679,40,Male,Bangalore,Electronics,Microwave,5,4380.72,21903.6,Net Banking,2,2024-02-22 01:01:02.427745664
10076,4799,57,Male,Delhi,Beauty,Novel,1,370.59,370.59,Cash,1,2024-02-22 17:53:45.433526012
10077,2243,36,Male,Pune,Beauty,Smartphone,4,797.0,3188.0,Debit Card,4,2024-02-23 10:46:28.439306358
10078,3372,58,Male,Bangalore,Clothing,Headphones,3,2067.47,6202.41,Net Banking,1,2024-02-24 03:39:11.445086705
10079,4634,34,Male,Delhi,Electronics,Cookware,5,2189.84,10949.2,UPI,2,2024-02-24 20:31:54.450867052
10080,3214,35,Male,Hyderabad,Beauty,Cricket Bat,4,1602.93,6411.72,Debit Card,2,2024-02-25 13:24:37.456647399
10081,2928,42,Female,Kolkata,Beauty,Running Shoes,3,751.5,2254.5,UPI,3,2024-02-26 06:17:20.462427746
10082,3752,56,Female,Pune,Beauty,Laptop,4,858.03,3432.12,Cash,5,2024-02-26 23:10:03.468208092
10083,3175,18,Female,Mumbai,Books,Headphones,4,1794.34,7177.36,Cash,2,2024-02-27 16:02:46.473988439
10084,2695,51,Female,Pune,Electronics,Cricket Bat,5,4768.73,23843.65,Net Banking,5,2024-02-28 08:55:29.479768786
10085,3345,36,Female,Hyderabad,Electronics,Microwave,4,1274.81,5099.24,UPI,3,2024-02-29 01:48:12.485549133
10086,3393,25,Male,Hyderabad,Clothing,Running Shoes,4,3812.22,15248.88,UPI,4,2024-02-29 18:40:55.491329480
10087,3869,32,Female,Pune,Sports,Novel,4,1513.49,6053.96,Net Banking,5,2024-03-01 11:33:38.497109827
10088,3795,54,Female,Kolkata,Electronics,Skincare Kit,5,475.03,2375.15,Cash,3,2024-03-02 04:26:21.502890173
10089,4944,44,Male,Kolkata,Clothing,Cookware,2,375.45,750.9,Net Banking,1,2024-03-02 21:19:04.508670520
10090,3277,50,Male,Kolkata,Books,Cricket Bat,5,1017.72,5088.6,UPI,5,2024-03-03 14:11:47.514450867
10091,2461,19,Female,Hyderabad,Beauty,Skincare Kit,4,2471.8,9887.2,Credit Card,4,2024-03-04 07:04:30.520231214
10092,3798,42,Male,Kolkata,Home Appliances,Running Shoes,1,3852.74,3852.74,UPI,3,2024-03-04 23:57:13.526011561
10093,2564,40,Female,Chennai,Clothing,Cricket Bat,2,3725.43,7450.86,UPI,1,2024-03-05 16:49:56.531791907
10094,2469,52,Male,Delhi,Sports,Skincare Kit,5,1956.23,9781.15,Debit Card,5,2024-03-06 09:42:39.537572254
10095,3478,48,Male,Hyderabad,Books,Smartphone,2,2551.95,5103.9,Debit Card,4,2024-03-07 02:35:22.543352601
10096,3538,39,Male,Delhi,Beauty,Headphones,3,4126.15,12378.45,Debit Card,3,2024-03-07 19:28:05.549132948
10097,3612,22,Male,Delhi,Books,Novel,1,4240.49,4240.49,Cash,4,2024-03-08 12:20:48.554913295
10098,4197,21,Female,Pune,Home Appliances,T-Shirt,1,1803.61,1803.61,UPI,5,2024-03-09 05:13:31.560693642
10099,2715,36,Female,Delhi,Electronics,Cricket Bat,4,320.05,1280.2,Debit Card,2,2024-03-09 22:06:14.566473988
10100,4311,51,Male,Bangalore,Home Appliances,Cookware,4,520.57,2082.28,Net Banking,1,2024-03-10 14:58:57.572254335
10101,4125,29,Female,Chennai,Books,Smartphone,4,3767.69,15070.76,Credit Card,5,2024-03-11 07:51:40.578034682
10102,4760,29,Female,Hyderabad,Beauty,Cookware,5,1581.37,7906.85,UPI,4,2024-03-12 00:44:23.583815029
10103,3099,30,Female,Chennai,Books,Smartphone,3,2562.98,7688.94,Debit Card,1,2024-03-12 17:37:06.589595376
10104,3067,22,Female,Mumbai,Sports,Skincare Kit,3,1202.55,3607.65,Cash,2,2024-03-13 10:29:49.595375722
10105,2532,18,Male,Kolkata,Electronics,Skincare Kit,5,4281.43,21407.15,UPI,2,2024-03-14 03:22:32.601156069
10106,3572,43,Male,Hyderabad,Beauty,Novel,5,2665.87,13329.35,Debit Card,5,2024-03-14 20:15:15.606936416
10107,2871,58,Female,Chennai,Home Appliances,Microwave,4,2777.65,11110.6,Debit Card,4,2024-03-15 13:07:58.612716763
10108,3799,25,Female,Bangalore,Sports,Cricket Bat,1,1653.97,1653.97,Debit Card,1,2024-03-16 06:00:41.618497110
10109,2964,25,Male,Mumbai,Electronics,Novel,3,2706.4,8119.2,Credit Card,1,2024-03-16 22:53:24.624277457
10110,4617,51,Male,Bangalore,Home Appliances,Smartphone,3,309.23,927.69,Debit Card,5,2024-03-17 15:46:07.630057803
10111,4258,25,Male,Kolkata,Clothing,Novel,3,1603.29,4809.87,Debit Card,2,2024-03-18 08:38:50.635838150
10112,2096,52,Female,Chennai,Electronics,Microwave,3,1939.19,5817.57,Debit Card,5,2024-03-19 01:31:33.641618497
10113,2269,22,Female,Chennai,Sports,Skincare Kit,3,1634.57,4903.71,Credit Card,2,2024-03-19 18:24:16.647398844
10114,4327,23,Male,Mumbai,Sports,Smartphone,3,703.98,2111.94,Credit Card,4,2024-03-20 11:16:59.653179191
10115,4897,57,Male,Bangalore,Clothing,Laptop,1,2752.37,2752.37,Credit Card,4,2024-03-21 04:09:42.658959538
10116,3927,30,Female,Pune,Beauty,Headphones,2,4005.85,8011.7,Net Banking,1,2024-03-21 21:02:25.664739884
10117,2889,50,Male,Chennai,Clothing,Cricket Bat,4,4730.21,18920.84,Cash,2,2024-03-22 13:55:08.670520231
10118,2152,39,Male,Kolkata,Electronics,Novel,2,2637.26,5274.52,Debit Card,2,2024-03-23 06:47:51.676300578
10119,3738,46,Female,Chennai,Sports,Novel,1,3090.64,3090.64,Debit Card,3,2024-03-23 23:40:34.682080925
10120,4464,25,Male,Delhi,Sports,Cookware,2,1667.04,3334.08,Net Banking,1,2024-03-24 16:33:17.687861272
10121,2606,46,Female,Chennai,Home Appliances,Running Shoes,5,1001.05,5005.25,Cash,1,2024-03-25 09:26:00.693641618
10122,2489,43,Male,Bangalore,Clothing,Laptop,5,919.8,4599.0,Net Banking,4,2024-03-26 02:18:43.699421965
10123,2152,59,Male,Bangalore,Books,Novel,5,3742.1,18710.5,Credit Card,3,2024-03-26 19:11:26.705202312
10124,2883,51,Female,Bangalore,Books,Microwave,3,3752.01,11256.03,Net Banking,2,2024-03-27 12:04:09.710982659
10125,2865,19,Female,Pune,Sports,T-Shirt,2,1142.95,2285.9,Net Banking,4,2024-03-28 04:56:52.716763006
10126,4178,31,Female,Delhi,Beauty,Skincare Kit,2,2243.73,4487.46,Cash,4,2024-03-28 21:49:35.722543353
10127,3756,56,Female,Hyderabad,Electronics,Running Shoes,4,3092.48,12369.92,Credit Card,3,2024-03-29 14:42:18.728323699
10128,4663,39,Male,Delhi,Home Appliances,Cricket Bat,1,888.83,888.83,Net Banking,1,2024-03-30 07:35:01.734104046
10129,3890,45,Female,Kolkata,Clothing,Novel,3,3991.23,11973.69,UPI,3,2024-03-31 00:27:44.739884393
10130,2266,56,Male,Chennai,Home Appliances,Laptop,3,3213.96,9641.88,Credit Card,4,2024-03-31 17:20:27.745664740
10131,3888,38,Male,Mumbai,Home Appliances,Cookware,5,3191.54,15957.7,UPI,4,2024-04-01 10:13:10.751445087
10132,4537,51,Male,Hyderabad,Books,Smartphone,1,3595.68,3595.68,Net Banking,2,2024-04-02 03:05:53.757225433
10133,3874,19,Female,Pune,Clothing,Novel,3,4939.76,14819.28,Credit Card,1,2024-04-02 19:58:36.763005780
10134,4518,49,Female,Kolkata,Home Appliances,Headphones,3,2943.25,8829.75,Cash,4,2024-04-03 12:51:19.768786127
10135,4754,56,Male,Hyderabad,Home Appliances,Running Shoes,5,4362.76,21813.8,UPI,3,2024-04-04 05:44:02.774566474
10136,2327,46,Female,Chennai,Home Appliances,Laptop,5,2267.93,11339.65,Net Banking,1,2024-04-04 22:36:45.780346821
10137,4224,29,Male,Bangalore,Clothing,Running Shoes,1,3376.01,3376.01,UPI,4,2024-04-05 15:29:28.786127168
10138,3590,53,Female,Delhi,Electronics,T-Shirt,2,4648.73,9297.46,Cash,2,2024-04-06 08:22:11.791907514
10139,4949,49,Female,Kolkata,Books,Microwave,1,3421.51,3421.51,Credit Card,4,2024-04-07 01:14:54.797687861
10140,3425,20,Female,Hyderabad,Beauty,T-Shirt,3,1724.48,5173.44,Credit Card,1,2024-04-07 18:07:37.803468208
10141,4218,21,Female,Hyderabad,Electronics,Smartphone,3,3213.74,9641.22,Net Banking,1,2024-04-08 11:00:20.809248555
10142,2020,50,Female,Mumbai,Books,Smartphone,1,1951.2,1951.2,Debit Card,5,2024-04-09 03:53:03.815028902
10143,4678,28,Male,Mumbai,Clothing,Novel,2,1815.12,3630.24,Cash,5,2024-04-09 20:45:46.820809248
10144,3968,50,Female,Delhi,Clothing,Running Shoes,2,3167.96,6335.92,Net Banking,4,2024-04-10 13:38:29.826589595
10145,4326,51,Female,Bangalore,Sports,Skincare Kit,2,1053.52,2107.04,Credit Card,4,2024-04-11 06:31:12.832369942
10146,4533,23,Female,Kolkata,Home Appliances,Novel,3,2587.67,7763.01,Credit Card,4,2024-04-11 23:23:55.838150289
10147,4033,18,Female,Kolkata,Electronics,Skincare Kit,4,4744.48,18977.92,Credit Card,5,2024-04-12 16:16:38.843930636
10148,4674,55,Male,Hyderabad,Sports,T-Shirt,4,2104.4,8417.6,UPI,5,2024-04-13 09:09:21.849710983
10149,2609,26,Female,Hyderabad,Books,T-Shirt,3,1188.12,3564.36,UPI,3,2024-04-14 02:02:04.855491329
10150,3717,42,Female,Hyderabad,Sports,Cricket Bat,1,2503.54,2503.54,Debit Card,2,2024-04-14 18:54:47.861271676
10151,3876,34,Female,Kolkata,Beauty,Running Shoes,1,4252.27,4252.27,Credit Card,4,2024-04-15 11:47:30.867052024
10152,2183,50,Female,Hyderabad,Electronics,Novel,2,4260.54,8521.08,UPI,3,2024-04-16 04:40:13.872832370
10153,4365,50,Female,Pune,Home Appliances,Cricket Bat,3,4190.68,12572.04,Net Banking,4,2024-04-16 21:32:56.878612716
10154,2405,59,Female,Chennai,Home Appliances,Novel,1,353.93,353.93,Debit Card,2,2024-04-17 14:25:39.884393064
10155,2505,42,Female,Hyderabad,Beauty,Headphones,4,1555.09,6220.36,Cash,5,2024-04-18 07:18:22.890173410
10156,3049,39,Female,Delhi,Clothing,Cricket Bat,5,4999.42,24997.1,Debit Card,1,2024-04-19 00:11:05.895953758
10157,3521,45,Male,Hyderabad,Home Appliances,Skincare Kit,5,862.51,4312.55,UPI,1,2024-04-19 17:03:48.901734104
10158,2910,53,Male,Kolkata,Beauty,Smartphone,4,2603.42,10413.68,Credit Card,2,2024-04-20 09:56:31.907514450
10159,4189,22,Female,Bangalore,Home Appliances,Cricket Bat,4,4013.12,16052.48,UPI,5,2024-04-21 02:49:14.913294798
10160,2811,50,Male,Bangalore,Home Appliances,Microwave,4,874.41,3497.64,Cash,3,2024-04-21 19:41:57.919075144
10161,3741,42,Female,Pune,Electronics,Microwave,1,3413.32,3413.32,Debit Card,4,2024-04-22 12:34:40.924855492
10162,2696,56,Male,Hyderabad,Clothing,Cookware,1,2593.98,2593.98,UPI,4,2024-04-23 05:27:23.930635838
10163,3979,43,Female,Delhi,Clothing,Skincare Kit,3,1213.16,3639.48,Credit Card,4,2024-04-23 22:20:06.936416184
10164,4959,50,Female,Hyderabad,Sports,Novel,2,4429.56,8859.12,Net Banking,2,2024-04-24 15:12:49.942196532
10165,3560,58,Male,Hyderabad,Clothing,Smartphone,1,1152.99,1152.99,Net Banking,1,2024-04-25 08:05:32.947976878
10166,3019,51,Male,Bangalore,Books,T-Shirt,4,3303.55,13214.2,Net Banking,5,2024-04-26 00:58:15.953757226
10167,2450,24,Female,Mumbai,Books,Laptop,3,3781.89,11345.67,UPI,4,2024-04-26 17:50:58.959537572
10168,4247,19,Male,Kolkata,Clothing,Cricket Bat,3,2944.56,8833.68,Cash,4,2024-04-27 10:43:41.965317918
10169,4468,49,Female,Pune,Electronics,Microwave,2,3255.56,6511.12,Debit Card,5,2024-04-28 03:36:24.971098266
10170,2869,25,Male,Bangalore,Sports,Running Shoes,5,859.14,4295.7,UPI,3,2024-04-28 20:29:07.976878612
10171,4808,31,Male,Chennai,Beauty,Skincare Kit,1,1747.77,1747.77,Credit Card,1,2024-04-29 13:21:50.982658960
10172,4069,21,Female,Kolkata,Sports,Laptop,5,3058.72,15293.6,UPI,3,2024-04-30 06:14:33.988439306
10173,2077,46,Female,Kolkata,Books,T-Shirt,2,2158.68,4317.36,Cash,5,2024-04-30 23:07:16.994219654
10174,4267,33,Female,Mumbai,Electronics,Cookware,5,3420.55,17102.75,Credit Card,2,2024-05-01 16:00:00.000000000
10175,4737,47,Female,Chennai,Books,Running Shoes,5,4304.19,21520.95,Debit Card,5,2024-05-02 08:52:43.005780346
10176,4417,20,Female,Bangalore,Clothing,Skincare Kit,3,1194.04,3582.12,UPI,3,2024-05-03 01:45:26.011560694
10177,3327,37,Male,Hyderabad,Clothing,Cricket Bat,4,4545.38,18181.52,Cash,2,2024-05-03 18:38:09.017341040
10178,3485,50,Male,Kolkata,Beauty,Skincare Kit,1,2100.93,2100.93,Net Banking,3,2024-05-04 11:30:52.023121388
10179,3486,36,Male,Pune,Sports,Headphones,3,4732.68,14198.04,UPI,1,2024-05-05 04:23:35.028901734
10180,3581,58,Female,Chennai,Electronics,T-Shirt,1,3201.7,3201.7,Cash,3,2024-05-05 21:16:18.034682080
10181,3879,52,Male,Bangalore,Electronics,Skincare Kit,4,4013.45,16053.8,Net Banking,5,2024-05-06 14:09:01.040462428
10182,2656,48,Female,Bangalore,Electronics,Laptop,3,2719.44,8158.32,Credit Card,5,2024-05-07 07:01:44.046242774
10183,3258,50,Male,Delhi,Electronics,Cookware,2,2796.38,5592.76,Net Banking,4,2024-05-07 23:54:27.052023122
10184,2451,37,Female,Pune,Beauty,Novel,3,1839.69,5519.07,Cash,5,2024-05-08 16:47:10.057803468
10185,2884,59,Male,Bangalore,Electronics,T-Shirt,5,908.01,4540.05,Credit Card,4,2024-05-09 09:39:53.063583814
10186,4432,38,Female,Chennai,Books,Skincare Kit,1,2103.96,2103.96,Credit Card,5,2024-05-10 02:32:36.069364162
10187,2413,58,Female,Kolkata,Books,T-Shirt,4,1310.39,5241.56,Net Banking,1,2024-05-10 19:25:19.075144508
10188,2063,22,Female,Delhi,Books,Novel,1,454.47,454.47,UPI,4,2024-05-11 12:18:02.080924856
10189,2843,27,Female,Mumbai,Home Appliances,Microwave,2,1591.97,3183.94,Debit Card,5,2024-05-12 05:10:45.086705202
10190,3571,18,Male,Delhi,Books,Cricket Bat,2,1148.71,2297.42,Net Banking,4,2024-05-12 22:03:28.092485550
10191,2949,44,Male,Hyderabad,Clothing,Headphones,3,4414.99,13244.97,UPI,5,2024-05-13 14:56:11.098265896
10192,4525,39,Female,Pune,Home Appliances,Cricket Bat,2,681.81,1363.62,Debit Card,5,2024-05-14 07:48:54.104046242
10193,2545,28,Male,Delhi,Home Appliances,Headphones,2,1164.31,2328.62,UPI,2,2024-05-15 00:41:37.109826590
10194,4690,39,Male,Pune,Beauty,Novel,3,3608.94,10826.82,Credit Card,4,2024-05-15 17:34:20.115606936
10195,3492,51,Male,Kolkata,Books,Microwave,1,4620.36,4620.36,UPI,4,2024-05-16 10:27:03.121387284
10196,3619,56,Female,Mumbai,Clothing,T-Shirt,4,1481.85,5927.4,Credit Card,3,2024-05-17 03:19:46.127167630
10197,3072,55,Male,Chennai,Beauty,Smartphone,5,400.12,2000.6,Credit Card,4,2024-05-17 20:12:29.132947976
10198,2253,57,Male,Delhi,Home Appliances,Headphones,1,4814.37,4814.37,UPI,5,2024-05-18 13:05:12.138728324
10199,2668,51,Female,Delhi,Sports,Cookware,2,3506.44,7012.88,Credit Card,3,2024-05-19 05:57:55.144508670
10200,4103,49,Female,Bangalore,Sports,Skincare Kit,5,1760.11,8800.55,UPI,5,2024-05-19 22:50:38.150289018
10201,4770,59,Male,Delhi,Electronics,Smartphone,3,2520.16,7560.48,Net Banking,4,2024-05-20 15:43:21.156069364
10202,3311,25,Female,Mumbai,Home Appliances,Headphones,2,3116.5,6233.0,Cash,1,2024-05-21 08:36:04.161849710
10203,3052,23,Female,Kolkata,Electronics,T-Shirt,1,2057.18,2057.18,Net Banking,1,2024-05-22 01:28:47.167630058
10204,2222,24,Male,Pune,Beauty,Laptop,1,4410.09,4410.09,Cash,1,2024-05-22 18:21:30.173410404
10205,3160,41,Male,Delhi,Clothing,Cookware,2,3713.01,7426.02,Debit Card,1,2024-05-23 11:14:13.179190752
10206,2109,40,Male,Delhi,Home Appliances,Headphones,1,4785.4,4785.4,Cash,3,2024-05-24 04:06:56.184971098
10207,3635,57,Female,Bangalore,Beauty,Novel,3,1950.01,5850.03,Debit Card,3,2024-05-24 20:59:39.190751444
10208,3620,49,Female,Bangalore,Electronics,Smartphone,4,4704.72,18818.88,Net Banking,2,2024-05-25 13:52:22.196531792
10209,2562,55,Female,Bangalore,Sports,Skincare Kit,1,2551.77,2551.77,Net Banking,2,2024-05-26 06:45:05.202312138
10210,2591,56,Male,Delhi,Clothing,Smartphone,3,3318.92,9956.76,Cash,5,2024-05-26 23:37:48.208092486
10211,2832,41,Male,Mumbai,Clothing,Skincare Kit,4,3762.24,15048.96,Cash,2,2024-05-27 16:30:31.213872832
10212,3235,46,Male,Kolkata,Clothing,Smartphone,5,4103.89,20519.45,Net Banking,4,2024-05-28 09:23:14.219653180
10213,4072,54,Male,Hyderabad,Beauty,Skincare Kit,4,2162.42,8649.68,Cash,3,2024-05-29 02:15:57.225433526
10214,3137,20,Female,Bangalore,Sports,Microwave,3,2405.35,7216.05,Net Banking,2,2024-05-29 19:08:40.231213872
10215,4836,28,Male,Pune,Clothing,Laptop,4,4141.2,16564.8,Cash,5,2024-05-30 12:01:23.236994220
10216,4092,38,Male,Kolkata,Home Appliances,Microwave,3,3672.52,11017.56,Debit Card,5,2024-05-31 04:54:06.242774566
10217,3295,18,Male,Kolkata,Books,Laptop,2,4721.99,9443.98,Net Banking,5,2024-05-31 21:46:49.248554914
10218,3694,34,Male,Pune,Clothing,Laptop,2,4904.11,9808.22,UPI,1,2024-06-01 14:39:32.254335260
10219,2475,48,Female,Kolkata,Books,Cookware,5,1140.89,5704.45,Debit Card,4,2024-06-02 07:32:15.260115606
10220,4958,21,Male,Chennai,Books,Novel,2,1371.22,2742.44,Cash,2,2024-06-03 00:24:58.265895954
10221,3523,32,Male,Delhi,Books,Microwave,3,3665.14,10995.42,Net Banking,1,2024-06-03 17:17:41.271676300
10222,3275,23,Male,Pune,Beauty,Microwave,1,3812.7,3812.7,Debit Card,1,2024-06-04 10:10:24.277456648
10223,4714,28,Female,Mumbai,Home Appliances,Novel,5,3134.94,15674.7,Credit Card,1,2024-06-05 03:03:07.283236994
10224,4283,45,Female,Delhi,Beauty,Laptop,3,4423.31,13269.93,Cash,3,2024-06-05 19:55:50.289017340
10225,2086,51,Female,Bangalore,Clothing,Novel,1,1484.36,1484.36,Net Banking,2,2024-06-06 12:48:33.294797688
10226,2391,26,Male,Pune,Sports,Smartphone,3,1895.59,5686.77,Credit Card,3,2024-06-07 05:41:16.300578034
10227,4787,22,Female,Kolkata,Beauty,Headphones,1,2624.84,2624.84,Net Banking,3,2024-06-07 22:33:59.306358382
10228,3455,57,Male,Bangalore,Sports,Running Shoes,3,1780.63,5341.89,Debit Card,1,2024-06-08 15:26:42.312138728
10229,2878,50,Male,Delhi,Sports,Laptop,1,2863.56,2863.56,Cash,2,2024-06-09 08:19:25.317919076
10230,4492,51,Female,Kolkata,Beauty,Cricket Bat,2,3507.65,7015.3,Net Banking,4,2024-06-10 01:12:08.323699422
10231,2290,25,Female,Chennai,Home Appliances,Cricket Bat,1,1335.72,1335.72,Credit Card,5,2024-06-10 18:04:51.329479768
10232,2100,51,Male,Hyderabad,Sports,T-Shirt,2,2581.09,5162.18,Credit Card,3,2024-06-11 10:57:34.335260116
10233,4788,32,Male,Delhi,Clothing,Cricket Bat,1,4967.01,4967.01,UPI,3,2024-06-12 03:50:17.341040462
10234,3824,31,Female,Hyderabad,Clothing,T-Shirt,2,1823.56,3647.12,Debit Card,1,2024-06-12 20:43:00.346820810
10235,3939,39,Female,Delhi,Electronics,Headphones,4,466.2,1864.8,Cash,4,2024-06-13 13:35:43.352601156
10236,4499,54,Male,Bangalore,Beauty,Laptop,5,4141.55,20707.75,Net Banking,4,2024-06-14 06:28:26.358381502
10237,4840,30,Female,Bangalore,Books,T-Shirt,2,2665.54,5331.08,Cash,1,2024-06-14 23:21:09.364161850
10238,4277,44,Female,Hyderabad,Books,T-Shirt,5,548.08,2740.4,Cash,3,2024-06-15 16:13:52.369942196
10239,3630,36,Male,Delhi,Sports,Running Shoes,1,4484.43,4484.43,Net Banking,5,2024-06-16 09:06:35.375722544
10240,4214,55,Male,Kolkata,Clothing,Smartphone,2,2201.22,4402.44,UPI,5,2024-06-17 01:59:18.381502890
10241,2687,53,Female,Pune,Clothing,Laptop,3,4667.58,14002.74,Cash,1,2024-06-17 18:52:01.387283236
10242,2901,30,Female,Bangalore,Books,Headphones,4,2189.77,8759.08,Debit Card,1,2024-06-18 11:44:44.393063584
10243,4127,59,Female,Bangalore,Beauty,Headphones,5,661.11,3305.55,Credit Card,2,2024-06-19 04:37:27.398843930
10244,3111,53,Male,Hyderabad,Clothing,Cookware,4,1452.92,5811.68,Net Banking,5,2024-06-19 21:30:10.404624278
10245,4464,43,Male,Mumbai,Beauty,Novel,4,1946.22,7784.88,Net Banking,1,2024-06-20 14:22:53.410404624
10246,3834,55,Male,Delhi,Clothing,Running Shoes,3,3828.42,11485.26,Debit Card,3,2024-06-21 07:15:36.416184970
10247,2714,19,Male,Mumbai,Clothing,Smartphone,5,1168.32,5841.6,UPI,1,2024-06-22 00:08:19.421965318
10248,2706,59,Male,Mumbai,Home Appliances,Laptop,3,2325.58,6976.74,Debit Card,5,2024-06-22 17:01:02.427745664
10249,3762,18,Female,Chennai,Home Appliances,Smartphone,4,4404.25,17617.0,Credit Card,3,2024-06-23 09:53:45.433526012
10250,4705,33,Male,Chennai,Beauty,Headphones,5,2808.68,14043.4,Debit Card,3,2024-06-24 02:46:28.439306358
10251,2324,46,Female,Kolkata,Sports,Cricket Bat,3,784.83,2354.49,UPI,4,2024-06-24 19:39:11.445086706
10252,4880,58,Male,Bangalore,Electronics,Novel,2,415.26,830.52,Net Banking,4,2024-06-25 12:31:54.450867052
10253,4254,24,Female,Chennai,Home Appliances,Running Shoes,5,3617.31,18086.55,Cash,4,2024-06-26 05:24:37.456647398
10254,2145,50,Female,Chennai,Home Appliances,T-Shirt,4,4901.9,19607.6,Credit Card,3,2024-06-26 22:17:20.462427746
10255,3191,44,Male,Bangalore,Sports,Microwave,3,3990.28,11970.84,UPI,2,2024-06-27 15:10:03.468208092
10256,3187,38,Male,Pune,Clothing,T-Shirt,1,3894.21,3894.21,Debit Card,3,2024-06-28 08:02:46.473988440
10257,2465,56,Female,Mumbai,Electronics,Microwave,1,3474.6,3474.6,UPI,2,2024-06-29 00:55:29.479768786
10258,3692,19,Male,Pune,Electronics,T-Shirt,3,4038.86,12116.58,Cash,4,2024-06-29 17:48:12.485549132
10259,3686,34,Female,Pune,Home Appliances,Cricket Bat,3,488.08,1464.24,UPI,5,2024-06-30 10:40:55.491329480
10260,3830,43,Male,Mumbai,Books,Cricket Bat,5,1544.0,7720.0,Net Banking,4,2024-07-01 03:33:38.497109826
10261,4729,37,Female,Chennai,Sports,Microwave,1,3568.37,3568.37,Credit Card,5,2024-07-01 20:26:21.502890174
10262,4506,48,Female,Mumbai,Electronics,Skincare Kit,2,4374.85,8749.7,Debit Card,1,2024-07-02 13:19:04.508670520
10263,3741,18,Female,Mumbai,Home Appliances,Cricket Bat,3,3470.65,10411.95,Cash,1,2024-07-03 06:11:47.514450866
10264,3350,39,Female,Mumbai,Books,Running Shoes,4,1128.5,4514.0,Debit Card,4,2024-07-03 23:04:30.520231214
10265,3689,51,Male,Mumbai,Books,Smartphone,5,4700.65,23503.25,UPI,2,2024-07-04 15:57:13.526011560
10266,4288,19,Female,Mumbai,Books,Running Shoes,2,4545.88,9091.76,Debit Card,3,2024-07-05 08:49:56.531791908
10267,3072,43,Female,Hyderabad,Beauty,Microwave,2,707.39,1414.78,Cash,2,2024-07-06 01:42:39.537572254
10268,2690,56,Male,Pune,Electronics,T-Shirt,5,1207.1,6035.5,Net Banking,5,2024-07-06 18:35:22.543352602
10269,3982,30,Female,Pune,Beauty,Novel,5,1593.41,7967.05,Cash,5,2024-07-07 11:28:05.549132948
10270,3324,36,Female,Mumbai,Sports,Cookware,5,3770.54,18852.7,Credit Card,1,2024-07-08 04:20:48.554913294
10271,2617,31,Female,Mumbai,Beauty,Laptop,5,4339.05,21695.25,Debit Card,2,2024-07-08 21:13:31.560693642
10272,4230,31,Female,Bangalore,Sports,Novel,4,3018.12,12072.48,Credit Card,2,2024-07-09 14:06:14.566473988
10273,3366,42,Female,Hyderabad,Electronics,Skincare Kit,1,1238.33,1238.33,Credit Card,1,2024-07-10 06:58:57.572254336
10274,3527,44,Male,Kolkata,Home Appliances,Cookware,5,2250.92,11254.6,Net Banking,4,2024-07-10 23:51:40.578034682
10275,4832,37,Male,Kolkata,Electronics,Novel,3,947.94,2843.82,Credit Card,5,2024-07-11 16:44:23.583815028
10276,3801,57,Male,Delhi,Books,Cricket Bat,3,4611.76,13835.28,Cash,1,2024-07-12 09:37:06.589595376
10277,2624,52,Female,Mumbai,Beauty,Headphones,5,3893.3,19466.5,Debit Card,3,2024-07-13 02:29:49.595375722
10278,4780,33,Male,Bangalore,Sports,Headphones,1,2698.01,2698.01,Debit Card,4,2024-07-13 19:22:32.601156070
10279,3075,55,Male,Chennai,Books,T-Shirt,4,2431.8,9727.2,Credit Card,1,2024-07-14 12:15:15.606936416
10280,2879,56,Female,Pune,Electronics,Microwave,5,759.86,3799.3,UPI,3,2024-07-15 05:07:58.612716762
10281,4186,50,Male,Mumbai,Books,Headphones,2,1797.77,3595.54,UPI,1,2024-07-15 22:00:41.618497110
10282,4171,54,Male,Pune,Home Appliances,T-Shirt,5,866.97,4334.85,Debit Card,4,2024-07-16 14:53:24.624277456
10283,2324,52,Female,Bangalore,Electronics,Headphones,1,3976.99,3976.99,Credit Card,4,2024-07-17 07:46:07.630057804
10284,3431,19,Male,Kolkata,Sports,Smartphone,1,2860.95,2860.95,UPI,2,2024-07-18 00:38:50.635838150
10285,4222,50,Female,Chennai,Beauty,Laptop,2,1368.2,2736.4,Credit Card,1,2024-07-18 17:31:33.641618496
10286,3155,48,Female,Pune,Books,Headphones,5,1353.75,6768.75,Credit Card,4,2024-07-19 10:24:16.647398844
10287,4488,55,Female,Hyderabad,Electronics,T-Shirt,2,1523.87,3047.74,Debit Card,2,2024-07-20 03:16:59.653179190
10288,3880,25,Female,Kolkata,Books,Cookware,2,1751.7,3503.4,Cash,3,2024-07-20 20:09:42.658959538
10289,2566,50,Female,Chennai,Books,Skincare Kit,1,2122.21,2122.21,Credit Card,3,2024-07-21 13:02:25.664739884
10290,4631,59,Male,Chennai,Books,Running Shoes,4,1698.48,6793.92,Credit Card,3,2024-07-22 05:55:08.670520232
10291,4574,23,Male,Hyderabad,Clothing,Novel,1,3493.91,3493.91,Cash,3,2024-07-22 22:47:51.676300578
10292,2717,19,Male,Chennai,Beauty,Skincare Kit,2,464.85,929.7,Net Banking,2,2024-07-23 15:40:34.682080924
10293,2143,51,Female,Hyderabad,Beauty,Skincare Kit,3,1842.12,5526.36,Credit Card,2,2024-07-24 08:33:17.687861272
10294,3845,48,Male,Pune,Electronics,Novel,5,3802.87,19014.35,Net Banking,5,2024-07-25 01:26:00.693641618
10295,2505,36,Female,Hyderabad,Clothing,Laptop,1,4731.2,4731.2,Credit Card,1,2024-07-25 18:18:43.699421966
10296,2626,35,Female,Delhi,Books,T-Shirt,2,4072.84,8145.68,Debit Card,2,2024-07-26 11:11:26.705202312
10297,3774,36,Male,Hyderabad,Books,Headphones,5,1431.88,7159.4,UPI,5,2024-07-27 04:04:09.710982658
10298,3949,49,Female,Chennai,Beauty,Skincare Kit,4,1394.7,5578.8,Net Banking,5,2024-07-27 20:56:52.716763004
10299,3580,25,Male,Chennai,Electronics,Cookware,4,1194.58,4778.32,Debit Card,2,2024-07-28 13:49:35.722543352
10300,2150,39,Male,Chennai,Beauty,T-Shirt,1,4447.74,4447.74,Credit Card,2,2024-07-29 06:42:18.728323700
10301,4523,36,Male,Hyderabad,Home Appliances,Microwave,1,1417.92,1417.92,Net Banking,3,2024-07-29 23:35:01.734104048
10302,4486,45,Female,Bangalore,Books,Headphones,1,3863.45,3863.45,Credit Card,2,2024-07-30 16:27:44.739884392
10303,2524,27,Male,Delhi,Home Appliances,Microwave,3,1526.93,4580.79,UPI,1,2024-07-31 09:20:27.745664740
10304,2376,22,Male,Bangalore,Sports,Cookware,3,455.48,1366.44,Debit Card,3,2024-08-01 02:13:10.751445088
10305,3996,31,Male,Chennai,Books,Novel,2,3747.2,7494.4,Credit Card,2,2024-08-01 19:05:53.757225432
10306,2727,41,Female,Bangalore,Clothing,Skincare Kit,4,3713.15,14852.6,Net Banking,5,2024-08-02 11:58:36.763005780
10307,2423,49,Female,Kolkata,Books,Novel,3,718.11,2154.33,Debit Card,2,2024-08-03 04:51:19.768786128
10308,2637,55,Female,Kolkata,Beauty,Smartphone,4,1835.5,7342.0,UPI,1,2024-08-03 21:44:02.774566472
10309,3484,18,Female,Pune,Sports,Smartphone,4,4757.32,19029.28,Cash,4,2024-08-04 14:36:45.780346820
10310,2882,36,Male,Pune,Electronics,Cookware,3,1065.86,3197.58,Cash,2,2024-08-05 07:29:28.786127168
10311,2806,49,Male,Hyderabad,Books,Novel,5,707.36,3536.8,Debit Card,4,2024-08-06 00:22:11.791907516
10312,3627,19,Male,Kolkata,Electronics,T-Shirt,3,3094.64,9283.92,Cash,2,2024-08-06 17:14:54.797687860
10313,2624,38,Female,Bangalore,Books,Smartphone,3,4675.65,14026.95,UPI,1,2024-08-07 10:07:37.803468208
10314,2837,32,Male,Kolkata,Books,Smartphone,5,928.76,4643.8,Credit Card,4,2024-08-08 03:00:20.809248556
10315,3762,59,Male,Hyderabad,Books,Novel,5,2711.16,13555.8,UPI,4,2024-08-08 19:53:03.815028900
10316,4465,22,Male,Bangalore,Electronics,Headphones,2,3514.8,7029.6,Cash,2,2024-08-09 12:45:46.820809248
10317,4219,43,Male,Mumbai,Home Appliances,Microwave,5,1107.6,5538.0,Credit Card,5,2024-08-10 05:38:29.826589596
10318,3434,37,Female,Kolkata,Beauty,Microwave,5,352.92,1764.6,Credit Card,5,2024-08-10 22:31:12.832369944
10319,2696,45,Female,Kolkata,Clothing,Running Shoes,3,4472.11,13416.33,Cash,4,2024-08-11 15:23:55.838150288
10320,3332,46,Female,Chennai,Home Appliances,T-Shirt,5,465.59,2327.95,Debit Card,2,2024-08-12 08:16:38.843930636
10321,2601,26,Female,Pune,Beauty,Cookware,1,1510.05,1510.05,Credit Card,5,2024-08-13 01:09:21.849710984
10322,2539,30,Male,Delhi,Home Appliances,Smartphone,3,3362.91,10088.73,UPI,5,2024-08-13 18:02:04.855491328
10323,4091,29,Female,Kolkata,Clothing,Smartphone,4,1643.18,6572.72,Cash,1,2024-08-14 10:54:47.861271676
10324,3025,26,Male,Mumbai,Beauty,Microwave,4,345.63,1382.52,Credit Card,3,2024-08-15 03:47:30.867052024
10325,4386,28,Female,Delhi,Books,Cricket Bat,2,3004.62,6009.24,Cash,5,2024-08-15 20:40:13.872832368
10326,2606,41,Male,Chennai,Clothing,Cookware,1,1746.62,1746.62,Cash,1,2024-08-16 13:32:56.878612716
10327,2410,42,Female,Bangalore,Home Appliances,Smartphone,2,1012.12,2024.24,Credit Card,1,2024-08-17 06:25:39.884393064
10328,2542,43,Male,Mumbai,Beauty,Cricket Bat,5,4865.03,24325.15,Debit Card,2,2024-08-17 23:18:22.890173412
10329,4919,36,Male,Chennai,Beauty,Novel,2,1075.37,2150.74,Cash,4,2024-08-18 16:11:05.895953756
10330,3088,36,Male,Hyderabad,Books,Laptop,2,3718.01,7436.02,Net Banking,2,2024-08-19 09:03:48.901734104
10331,3174,23,Female,Kolkata,Books,Novel,3,4486.4,13459.2,UPI,2,2024-08-20 01:56:31.907514452
10332,4658,39,Female,Pune,Books,Novel,3,4335.96,13007.88,Net Banking,2,2024-08-20 18:49:14.913294796
10333,3667,27,Female,Chennai,Clothing,T-Shirt,1,1166.01,1166.01,Credit Card,5,2024-08-21 11:41:57.919075144
10334,2070,31,Female,Mumbai,Home Appliances,Cricket Bat,3,1413.0,4239.0,Credit Card,5,2024-08-22 04:34:40.924855492
10335,2652,36,Female,Delhi,Sports,Skincare Kit,5,386.3,1931.5,Credit Card,4,2024-08-22 21:27:23.930635836
10336,4278,41,Male,Pune,Books,Cricket Bat,3,4677.61,14032.83,Debit Card,5,2024-08-23 14:20:06.936416184
10337,3107,49,Female,Chennai,Home Appliances,Microwave,3,4469.47,13408.41,Debit Card,1,2024-08-24 07:12:49.942196532
10338,3200,51,Female,Pune,Clothing,Smartphone,3,3098.69,9296.07,Credit Card,5,2024-08-25 00:05:32.947976880
10339,2317,32,Female,Bangalore,Books,Novel,3,814.03,2442.09,Debit Card,1,2024-08-25 16:58:15.953757224
10340,4502,58,Male,Chennai,Electronics,T-Shirt,3,1115.65,3346.95,Cash,5,2024-08-26 09:50:58.959537572
10341,4829,26,Female,Kolkata,Beauty,Cookware,5,3011.71,15058.55,UPI,1,2024-08-27 02:43:41.965317920
10342,3474,19,Female,Kolkata,Sports,Skincare Kit,5,1482.79,7413.95,Cash,4,2024-08-27 19:36:24.971098264
10343,4524,40,Female,Chennai,Clothing,Running Shoes,3,1710.81,5132.43,Net Banking,2,2024-08-28 12:29:07.976878612
10344,2249,20,Male,Pune,Books,Cricket Bat,4,1103.64,4414.56,Debit Card,2,2024-08-29 05:21:50.982658960
10345,2565,40,Male,Mumbai,Electronics,Novel,2,1191.08,2382.16,UPI,5,2024-08-29 22:14:33.988439308
10346,4953,19,Male,Pune,Electronics,Smartphone,3,2478.08,7434.24,Net Banking,5,2024-08-30 15:07:16.994219652
10347,4729,26,Male,Mumbai,Books,Laptop,2,2696.41,5392.82,Cash,3,2024-08-31 08:00:00.000000000
10348,3465,25,Female,Delhi,Clothing,Novel,2,2704.43,5408.86,Credit Card,4,2024-09-01 00:52:43.005780348
10349,2856,41,Male,Mumbai,Sports,Smartphone,1,4986.55,4986.55,UPI,5,2024-09-01 17:45:26.011560692
10350,4413,31,Male,Mumbai,Books,Smartphone,1,909.1,909.1,Debit Card,2,2024-09-02 10:38:09.017341040
10351,4806,18,Female,Delhi,Clothing,Laptop,5,3854.0,19270.0,UPI,2,2024-09-03 03:30:52.023121388
10352,4804,57,Male,Chennai,Sports,Cookware,1,4030.66,4030.66,UPI,2,2024-09-03 20:23:35.028901732
10353,3740,21,Female,Mumbai,Books,Laptop,4,3048.95,12195.8,Debit Card,1,2024-09-04 13:16:18.034682080
10354,2850,28,Female,Chennai,Home Appliances,Novel,5,2474.87,12374.35,Cash,2,2024-09-05 06:09:01.040462428
10355,2362,52,Male,Hyderabad,Books,Skincare Kit,4,4499.11,17996.44,UPI,1,2024-09-05 23:01:44.046242776
10356,2105,51,Female,Mumbai,Home Appliances,Novel,4,4192.45,16769.8,Cash,5,2024-09-06 15:54:27.052023120
10357,2036,29,Female,Bangalore,Home Appliances,Laptop,3,536.37,1609.11,Credit Card,3,2024-09-07 08:47:10.057803468
10358,3168,20,Female,Mumbai,Clothing,Microwave,1,4826.02,4826.02,Credit Card,3,2024-09-08 01:39:53.063583816
10359,3182,28,Male,Bangalore,Electronics,Headphones,3,334.5,1003.5,Debit Card,2,2024-09-08 18:32:36.069364160
10360,4666,45,Male,Kolkata,Electronics,Cricket Bat,2,2993.72,5987.44,Cash,4,2024-09-09 11:25:19.075144508
10361,4260,23,Male,Delhi,Books,Headphones,5,2990.42,14952.1,Net Banking,4,2024-09-10 04:18:02.080924856
10362,2803,44,Female,Kolkata,Electronics,Laptop,5,4221.58,21107.9,Debit Card,4,2024-09-10 21:10:45.086705204
10363,2337,21,Male,Mumbai,Home Appliances,Headphones,1,2108.17,2108.17,Debit Card,3,2024-09-11 14:03:28.092485548
10364,2770,49,Female,Delhi,Sports,Novel,3,727.89,2183.67,Cash,4,2024-09-12 06:56:11.098265896
10365,2213,29,Female,Delhi,Beauty,Cookware,3,3033.93,9101.79,Net Banking,5,2024-09-12 23:48:54.104046244
10366,4141,21,Male,Hyderabad,Home Appliances,Laptop,2,416.78,833.56,Cash,5,2024-09-13 16:41:37.109826588
10367,2621,19,Male,Mumbai,Clothing,Smartphone,4,2000.44,8001.76,Cash,2,2024-09-14 09:34:20.115606936
10368,2848,31,Female,Mumbai,Beauty,Microwave,1,4930.99,4930.99,UPI,2,2024-09-15 02:27:03.121387284
10369,4843,35,Female,Hyderabad,Beauty,Novel,3,4383.26,13149.78,Cash,5,2024-09-15 19:19:46.127167628
10370,4376,26,Male,Bangalore,Home Appliances,Laptop,2,1016.73,2033.46,Debit Card,1,2024-09-16 12:12:29.132947976
10371,4588,56,Female,Mumbai,Sports,Cricket Bat,2,4054.48,8108.96,Net Banking,1,2024-09-17 05:05:12.138728324
10372,3666,22,Female,Kolkata,Electronics,Microwave,1,4111.69,4111.69,UPI,3,2024-09-17 21:57:55.144508672
10373,3763,24,Male,Delhi,Electronics,Novel,2,4662.57,9325.14,Cash,2,2024-09-18 14:50:38.150289016
10374,4445,30,Male,Delhi,Sports,Cricket Bat,5,1354.61,6773.05,Debit Card,1,2024-09-19 07:43:21.156069364
10375,3449,27,Female,Hyderabad,Home Appliances,Cricket Bat,2,2645.15,5290.3,Credit Card,5,2024-09-20 00:36:04.161849712
10376,4937,23,Female,Chennai,Home Appliances,Cricket Bat,1,4188.99,4188.99,Net Banking,5,2024-09-20 17:28:47.167630056
10377,4788,33,Male,Mumbai,Electronics,Running Shoes,3,3436.47,10309.41,Net Banking,5,2024-09-21 10:21:30.173410404
10378,3192,38,Female,Mumbai,Sports,T-Shirt,2,3091.5,6183.0,UPI,4,2024-09-22 03:14:13.179190752
10379,3042,49,Male,Delhi,Beauty,T-Shirt,3,3364.29,10092.87,Net Banking,5,2024-09-22 20:06:56.184971100
10380,2225,44,Female,Chennai,Beauty,Laptop,1,1421.03,1421.03,Net Banking,4,2024-09-23 12:59:39.190751444
10381,4982,25,Male,Hyderabad,Beauty,Laptop,4,420.04,1680.16,Cash,4,2024-09-24 05:52:22.196531792
10382,2319,20,Male,Mumbai,Electronics,T-Shirt,2,3760.41,7520.82,UPI,5,2024-09-24 22:45:05.202312140
10383,4547,50,Male,Chennai,Electronics,Novel,2,1835.92,3671.84,Cash,4,2024-09-25 15:37:48.208092484
10384,3582,29,Female,Delhi,Sports,Running Shoes,1,2070.76,2070.76,Credit Card,5,2024-09-26 08:30:31.213872832
10385,4265,36,Female,Kolkata,Electronics,Skincare Kit,4,3179.3,12717.2,Net Banking,3,2024-09-27 01:23:14.219653180
10386,2999,18,Male,Chennai,Clothing,Cricket Bat,3,3388.68,10166.04,Debit Card,4,2024-09-27 18:15:57.225433524
10387,2112,55,Male,Pune,Clothing,T-Shirt,2,1253.62,2507.24,Debit Card,5,2024-09-28 11:08:40.231213872
10388,4559,27,Female,Hyderabad,Sports,Microwave,5,4182.35,20911.75,UPI,5,2024-09-29 04:01:23.236994220
10389,4405,44,Male,Hyderabad,Books,T-Shirt,5,2086.97,10434.85,Credit Card,3,2024-09-29 20:54:06.242774568
10390,4562,38,Male,Hyderabad,Electronics,Smartphone,3,3269.2,9807.6,Credit Card,3,2024-09-30 13:46:49.248554912
10391,3820,33,Female,Delhi,Sports,Cricket Bat,2,4842.13,9684.26,UPI,2,2024-10-01 06:39:32.254335260
10392,2715,19,Female,Kolkata,Beauty,Novel,1,2954.5,2954.5,UPI,4,2024-10-01 23:32:15.260115608
10393,3706,23,Male,Mumbai,Clothing,Laptop,1,1986.88,1986.88,UPI,2,2024-10-02 16:24:58.265895952
10394,2794,20,Female,Delhi,Beauty,Cookware,4,3209.16,12836.64,Credit Card,1,2024-10-03 09:17:41.271676300
10395,2232,43,Male,Delhi,Home Appliances,Laptop,2,2658.43,5316.86,Debit Card,3,2024-10-04 02:10:24.277456648
10396,4965,46,Male,Pune,Electronics,Laptop,3,2426.17,7278.51,Net Banking,3,2024-10-04 19:03:07.283236996
10397,3594,37,Male,Bangalore,Electronics,Novel,5,3741.67,18708.35,Debit Card,5,2024-10-05 11:55:50.289017340
10398,3424,35,Female,Delhi,Books,Smartphone,5,4645.2,23226.0,Credit Card,1,2024-10-06 04:48:33.294797688
10399,4012,23,Male,Delhi,Beauty,Cricket Bat,1,2552.58,2552.58,Debit Card,2,2024-10-06 21:41:16.300578036
10400,3261,33,Male,Pune,Clothing,Novel,4,714.68,2858.72,Cash,2,2024-10-07 14:33:59.306358380
10401,4536,28,Male,Chennai,Beauty,Microwave,3,2977.37,8932.11,UPI,3,2024-10-08 07:26:42.312138728
10402,3258,47,Male,Delhi,Home Appliances,Cricket Bat,2,1451.27,2902.54,Cash,2,2024-10-09 00:19:25.317919076
10403,3803,35,Female,Hyderabad,Electronics,T-Shirt,2,486.02,972.04,Debit Card,2,2024-10-09 17:12:08.323699420
10404,3942,35,Female,Pune,Clothing,Smartphone,1,4004.26,4004.26,Debit Card,4,2024-10-10 10:04:51.329479768
10405,4566,25,Female,Kolkata,Beauty,Novel,3,1582.01,4746.03,Net Banking,4,2024-10-11 02:57:34.335260116
10406,4144,35,Male,Mumbai,Home Appliances,Cookware,1,3952.23,3952.23,Credit Card,3,2024-10-11 19:50:17.341040464
10407,4148,40,Male,Hyderabad,Electronics,Novel,4,2594.58,10378.32,UPI,2,2024-10-12 12:43:00.346820808
10408,2343,18,Male,Delhi,Home Appliances,Skincare Kit,1,1794.3,1794.3,Cash,2,2024-10-13 05:35:43.352601156
10409,4251,25,Male,Mumbai,Clothing,Laptop,1,1775.92,1775.92,Cash,1,2024-10-13 22:28:26.358381504
10410,2379,47,Female,Kolkata,Electronics,Laptop,3,497.52,1492.56,Credit Card,2,2024-10-14 15:21:09.364161848
10411,4592,46,Male,Kolkata,Clothing,Novel,5,2811.68,14058.4,Net Banking,2,2024-10-15 08:13:52.369942196
10412,3883,53,Male,Pune,Beauty,Microwave,2,4170.69,8341.38,Net Banking,1,2024-10-16 01:06:35.375722544
10413,4737,52,Female,Hyderabad,Books,Microwave,1,694.31,694.31,Net Banking,4,2024-10-16 17:59:18.381502888
10414,3914,58,Female,Mumbai,Home Appliances,Laptop,3,810.23,2430.69,Debit Card,2,2024-10-17 10:52:01.387283236
10415,4176,23,Female,Pune,Clothing,Smartphone,4,2787.5,11150.0,Credit Card,3,2024-10-18 03:44:44.393063584
10416,3121,46,Female,Kolkata,Clothing,Cookware,2,3402.67,6805.34,Debit Card,3,2024-10-18 20:37:27.398843932
10417,3700,59,Male,Mumbai,Sports,T-Shirt,3,3565.31,10695.93,Net Banking,3,2024-10-19 13:30:10.404624276
10418,4962,52,Male,Pune,Sports,Laptop,3,1772.14,5316.42,Credit Card,3,2024-10-20 06:22:53.410404624
10419,4843,52,Female,Hyderabad,Home Appliances,Cookware,3,477.56,1432.68,Net Banking,4,2024-10-20 23:15:36.416184972
10420,4716,37,Male,Chennai,Books,Headphones,4,2248.45,8993.8,Net Banking,4,2024-10-21 16:08:19.421965316
10421,2564,31,Male,Bangalore,Sports,T-Shirt,3,1362.41,4087.23,Cash,4,2024-10-22 09:01:02.427745664
10422,3638,55,Female,Kolkata,Beauty,Cookware,3,305.24,915.72,UPI,5,2024-10-23 01:53:45.433526012
10423,3522,43,Female,Delhi,Books,T-Shirt,4,3522.87,14091.48,Debit Card,2,2024-10-23 18:46:28.439306360
10424,2734,22,Male,Bangalore,Sports,Cookware,4,4774.69,19098.76,Debit Card,1,2024-10-24 11:39:11.445086704
10425,2818,29,Male,Mumbai,Books,Headphones,5,2138.41,10692.05,Cash,3,2024-10-25 04:31:54.450867052
10426,2814,47,Male,Bangalore,Clothing,Laptop,5,1711.4,8557.0,UPI,4,2024-10-25 21:24:37.456647400
10427,2519,30,Male,Chennai,Books,Microwave,2,2902.63,5805.26,Net Banking,5,2024-10-26 14:17:20.462427744
10428,3493,43,Male,Hyderabad,Beauty,Novel,1,4304.29,4304.29,Debit Card,1,2024-10-27 07:10:03.468208092
10429,2272,50,Male,Bangalore,Clothing,Cookware,5,4036.35,20181.75,Net Banking,5,2024-10-28 00:02:46.473988440
10430,4791,58,Male,Mumbai,Clothing,Headphones,1,3518.36,3518.36,UPI,4,2024-10-28 16:55:29.479768784
10431,3693,41,Female,Kolkata,Sports,Microwave,2,2330.9,4661.8,Credit Card,1,2024-10-29 09:48:12.485549132
10432,2907,43,Female,Bangalore,Electronics,Microwave,4,3545.04,14180.16,Cash,3,2024-10-30 02:40:55.491329480
10433,3469,58,Female,Pune,Books,Smartphone,4,1315.32,5261.28,Credit Card,2,2024-10-30 19:33:38.497109828
10434,3018,42,Female,Bangalore,Beauty,Running Shoes,5,1634.53,8172.65,Credit Card,5,2024-10-31 12:26:21.502890172
10435,3806,49,Female,Delhi,Home Appliances,Laptop,1,3955.76,3955.76,Debit Card,1,2024-11-01 05:19:04.508670520
10436,4408,46,Female,Pune,Clothing,T-Shirt,3,4670.91,14012.73,Cash,3,2024-11-01 22:11:47.514450868
10437,3160,18,Male,Chennai,Books,T-Shirt,3,1193.23,3579.69,Cash,3,2024-11-02 15:04:30.520231212
10438,4216,40,Female,Pune,Books,Microwave,4,1691.5,6766.0,Debit Card,4,2024-11-03 07:57:13.526011560
10439,2944,42,Male,Hyderabad,Books,T-Shirt,3,329.19,987.57,Debit Card,3,2024-11-04 00:49:56.531791908
10440,3431,40,Female,Chennai,Sports,Running Shoes,3,2328.34,6985.02,Credit Card,4,2024-11-04 17:42:39.537572256
10441,4498,28,Male,Delhi,Beauty,T-Shirt,1,1288.39,1288.39,Debit Card,2,2024-11-05 10:35:22.543352600
10442,2732,49,Male,Bangalore,Clothing,Laptop,4,3314.7,13258.8,Net Banking,1,2024-11-06 03:28:05.549132948
10443,2704,27,Female,Hyderabad,Sports,T-Shirt,4,3635.07,14540.28,Cash,1,2024-11-06 20:20:48.554913296
10444,4791,57,Male,Kolkata,Beauty,Cricket Bat,3,858.26,2574.78,Cash,3,2024-11-07 13:13:31.560693640
10445,2657,24,Male,Mumbai,Home Appliances,Skincare Kit,1,686.08,686.08,Cash,1,2024-11-08 06:06:14.566473988
10446,2762,48,Female,Bangalore,Electronics,Laptop,4,4559.77,18239.08,Net Banking,5,2024-11-08 22:58:57.572254336
10447,2417,21,Male,Hyderabad,Books,Novel,5,2129.42,10647.1,Debit Card,3,2024-11-09 15:51:40.578034680
10448,2522,36,Male,Kolkata,Clothing,Cookware,3,2807.0,8421.0,Debit Card,1,2024-11-10 08:44:23.583815028
10449,4025,30,Male,Chennai,Home Appliances,Microwave,1,4827.24,4827.24,UPI,2,2024-11-11 01:37:06.589595376
10450,2971,27,Male,Mumbai,Electronics,Laptop,4,3867.55,15470.2,Net Banking,4,2024-11-11 18:29:49.595375724
10451,4949,28,Male,Mumbai,Sports,Smartphone,4,1830.04,7320.16,Cash,2,2024-11-12 11:22:32.601156068
10452,4693,45,Male,Kolkata,Sports,Running Shoes,1,703.49,703.49,UPI,1,2024-11-13 04:15:15.606936416
10453,4937,19,Female,Pune,Home Appliances,Cookware,5,2819.31,14096.55,UPI,1,2024-11-13 21:07:58.612716764
10454,2042,39,Male,Chennai,Clothing,Novel,3,1879.79,5639.37,Net Banking,3,2024-11-14 14:00:41.618497108
10455,3622,24,Male,Chennai,Electronics,Microwave,4,401.92,1607.68,Net Banking,2,2024-11-15 06:53:24.624277456
10456,3849,27,Female,Pune,Sports,Microwave,3,3924.42,11773.26,Debit Card,4,2024-11-15 23:46:07.630057804
10457,2312,54,Male,Bangalore,Beauty,Cookware,5,2109.07,10545.35,UPI,3,2024-11-16 16:38:50.635838152
10458,4638,41,Female,Delhi,Sports,Microwave,5,2985.21,14926.05,Cash,3,2024-11-17 09:31:33.641618496
10459,2373,26,Male,Bangalore,Beauty,Running Shoes,2,3851.99,7703.98,UPI,4,2024-11-18 02:24:16.647398844
10460,2721,41,Male,Delhi,Books,Running Shoes,3,4721.98,14165.94,Net Banking,3,2024-11-18 19:16:59.653179192
10461,3840,36,Female,Kolkata,Home Appliances,Laptop,3,3177.91,9533.73,Credit Card,1,2024-11-19 12:09:42.658959536
10462,4549,39,Female,Hyderabad,Books,Cricket Bat,4,1782.36,7129.44,Cash,5,2024-11-20 05:02:25.664739884
10463,4835,21,Female,Mumbai,Sports,Smartphone,1,817.36,817.36,Cash,1,2024-11-20 21:55:08.670520232
10464,3420,32,Male,Pune,Sports,T-Shirt,4,647.42,2589.68,Credit Card,2,2024-11-21 14:47:51.676300576
10465,2153,38,Female,Pune,Books,T-Shirt,2,1802.55,3605.1,Net Banking,1,2024-11-22 07:40:34.682080924
10466,2333,39,Female,Chennai,Clothing,Laptop,3,3405.94,10217.82,Debit Card,3,2024-11-23 00:33:17.687861272
10467,4832,27,Female,Delhi,Sports,Laptop,1,3567.21,3567.21,Net Banking,5,2024-11-23 17:26:00.693641620
10468,3284,20,Male,Mumbai,Clothing,Laptop,2,1276.27,2552.54,Debit Card,3,2024-11-24 10:18:43.699421964
10469,2886,38,Male,Pune,Books,Running Shoes,3,689.14,2067.42,Net Banking,1,2024-11-25 03:11:26.705202312
10470,2667,34,Male,Pune,Clothing,Cookware,3,1735.9,5207.7,Debit Card,5,2024-11-25 20:04:09.710982660
10471,4994,31,Female,Hyderabad,Electronics,Cookware,1,2873.6,2873.6,Debit Card,1,2024-11-26 12:56:52.716763004
10472,4884,53,Male,Bangalore,Clothing,T-Shirt,1,3846.95,3846.95,Net Banking,1,2024-11-27 05:49:35.722543352
10473,3667,29,Female,Mumbai,Home Appliances,Running Shoes,1,2789.39,2789.39,UPI,3,2024-11-27 22:42:18.728323700
10474,3722,46,Female,Mumbai,Sports,Skincare Kit,3,1648.82,4946.46,Debit Card,3,2024-11-28 15:35:01.734104048
10475,3154,39,Male,Kolkata,Beauty,Cookware,4,3233.64,12934.56,Cash,4,2024-11-29 08:27:44.739884392
10476,4892,52,Male,Mumbai,Electronics,Novel,4,1544.73,6178.92,UPI,1,2024-11-30 01:20:27.745664740
10477,4400,46,Male,Hyderabad,Sports,Cricket Bat,5,3367.66,16838.3,UPI,3,2024-11-30 18:13:10.751445088
10478,3888,36,Male,Hyderabad,Books,Novel,3,4256.92,12770.76,Debit Card,4,2024-12-01 11:05:53.757225432
10479,3423,26,Female,Kolkata,Sports,T-Shirt,1,3303.05,3303.05,UPI,5,2024-12-02 03:58:36.763005780
10480,2356,48,Male,Delhi,Beauty,T-Shirt,3,2958.47,8875.41,UPI,1,2024-12-02 20:51:19.768786128
10481,2506,18,Male,Kolkata,Sports,Smartphone,4,1743.57,6974.28,Debit Card,1,2024-12-03 13:44:02.774566472
10482,2908,31,Male,Bangalore,Books,Headphones,4,4420.85,17683.4,Credit Card,1,2024-12-04 06:36:45.780346820
10483,4962,36,Female,Kolkata,Beauty,Headphones,2,4947.46,9894.92,Debit Card,5,2024-12-04 23:29:28.786127168
10484,3182,56,Female,Pune,Clothing,T-Shirt,4,3954.15,15816.6,Credit Card,4,2024-12-05 16:22:11.791907516
10485,2144,29,Male,Delhi,Books,Microwave,5,2996.13,14980.65,Debit Card,5,2024-12-06 09:14:54.797687860
10486,3887,37,Male,Delhi,Beauty,Novel,2,964.01,1928.02,UPI,3,2024-12-07 02:07:37.803468208
10487,3632,30,Female,Hyderabad,Home Appliances,Laptop,1,1780.17,1780.17,Cash,2,2024-12-07 19:00:20.809248556
10488,2956,22,Male,Kolkata,Clothing,Smartphone,5,2024.24,10121.2,Debit Card,3,2024-12-08 11:53:03.815028900
10489,4335,43,Male,Kolkata,Clothing,Microwave,5,1671.91,8359.55,UPI,2,2024-12-09 04:45:46.820809248
10490,3771,58,Male,Delhi,Home Appliances,Microwave,3,2395.98,7187.94,UPI,4,2024-12-09 21:38:29.826589596
10491,2611,53,Female,Chennai,Electronics,Novel,4,3169.97,12679.88,Debit Card,3,2024-12-10 14:31:12.832369940
10492,3324,23,Female,Mumbai,Beauty,Skincare Kit,2,1300.7,2601.4,UPI,3,2024-12-11 07:23:55.838150288
10493,4840,49,Male,Hyderabad,Electronics,Headphones,4,1473.87,5895.48,UPI,5,2024-12-12 00:16:38.843930636
10494,3871,47,Female,Chennai,Home Appliances,Novel,2,827.11,1654.22,Credit Card,2,2024-12-12 17:09:21.849710984
10495,2915,20,Female,Pune,Clothing,Cricket Bat,1,1745.67,1745.67,Cash,5,2024-12-13 10:02:04.855491328
10496,4052,50,Male,Pune,Books,Cookware,1,2638.01,2638.01,UPI,5,2024-12-14 02:54:47.861271676
10497,4599,25,Female,Kolkata,Beauty,T-Shirt,3,2602.1,7806.3,Cash,5,2024-12-14 19:47:30.867052024
10498,4172,47,Male,Chennai,Electronics,Headphones,5,4979.21,24896.05,Debit Card,1,2024-12-15 12:40:13.872832368
10499,4210,26,Female,Chennai,Clothing,Microwave,3,4911.21,14733.63,Debit Card,5,2024-12-16 05:32:56.878612716
10500,2042,45,Female,Mumbai,Sports,Skincare Kit,3,2351.85,7055.55,UPI,2,2024-12-16 22:25:39.884393064
10501,4770,51,Female,Kolkata,Books,Headphones,4,4868.5,19474.0,Debit Card,2,2024-12-17 15:18:22.890173412
10502,2378,47,Female,Hyderabad,Books,Cookware,3,1307.67,3923.01,Debit Card,4,2024-12-18 08:11:05.895953756
10503,2122,22,Female,Pune,Sports,Microwave,4,2843.27,11373.08,Credit Card,3,2024-12-19 01:03:48.901734104
10504,3745,56,Female,Delhi,Books,Running Shoes,3,2431.15,7293.45,Debit Card,3,2024-12-19 17:56:31.907514452
10505,3530,51,Male,Pune,Electronics,Cookware,2,4847.76,9695.52,Debit Card,4,2024-12-20 10:49:14.913294796
10506,4267,27,Female,Mumbai,Home Appliances,Skincare Kit,4,4230.03,16920.12,UPI,2,2024-12-21 03:41:57.919075144
10507,4549,21,Female,Kolkata,Books,Cookware,4,1306.49,5225.96,Cash,4,2024-12-21 20:34:40.924855492
10508,2296,32,Male,Bangalore,Clothing,Laptop,1,2365.83,2365.83,UPI,5,2024-12-22 13:27:23.930635836
10509,2197,38,Female,Chennai,Electronics,Skincare Kit,5,1091.84,5459.2,Net Banking,5,2024-12-23 06:20:06.936416184
10510,4565,53,Male,Kolkata,Electronics,T-Shirt,5,2786.71,13933.55,Net Banking,2,2024-12-23 23:12:49.942196532
10511,4055,46,Female,Chennai,Electronics,Smartphone,1,4029.38,4029.38,Credit Card,2,2024-12-24 16:05:32.947976880
10512,3486,46,Female,Pune,Sports,Cricket Bat,5,468.63,2343.15,Net Banking,3,2024-12-25 08:58:15.953757224
10513,4853,22,Female,Chennai,Clothing,Laptop,3,1199.39,3598.17,Credit Card,4,2024-12-26 01:50:58.959537572
10514,2873,33,Male,Pune,Sports,Running Shoes,2,4894.04,9788.08,Net Banking,3,2024-12-26 18:43:41.965317920
10515,2334,29,Male,Mumbai,Sports,Novel,4,4815.75,19263.0,UPI,1,2024-12-27 11:36:24.971098264
10516,4587,49,Female,Delhi,Books,Headphones,1,2915.98,2915.98,Credit Card,1,2024-12-28 04:29:07.976878612
10517,2691,54,Male,Kolkata,Clothing,T-Shirt,4,3336.63,13346.52,UPI,2,2024-12-28 21:21:50.982658960
10518,2939,30,Male,Hyderabad,Sports,Laptop,4,1578.84,6315.36,Net Banking,4,2024-12-29 14:14:33.988439308
10519,2174,56,Female,Delhi,Clothing,Laptop,2,4774.83,9549.66,UPI,2,2024-12-30 07:07:16.994219652
10520,3033,37,Female,Kolkata,Sports,Skincare Kit,4,3447.94,13791.76,UPI,2,2024-12-31 00:00:00.000000000
